INSERT INTO "user" (id, email, username, password, role, gender, phone_number) VALUES (1, 'user1@example.com', 'dpoole', '%90KXnY$x*', 'user', 'female', NULL);
INSERT INTO "user" (id, email, username, password, role, gender, phone_number) VALUES (2, 'user2@example.com', 'michaelgarcia', 'X@3MKICa_x', 'user', NULL, '(249)227-9369x22787');
INSERT INTO "user" (id, email, username, password, role, gender, phone_number) VALUES (3, 'user3@example.com', 'thill', '@6*M&^k0y1', 'user', 'male', '001-798-807-5115x89386');
INSERT INTO "user" (id, email, username, password, role, gender, phone_number) VALUES (4, 'user4@example.com', 'tallen', ')*9Zrd(W*^', 'admin', 'female', '642-090-0240');
INSERT INTO "user" (id, email, username, password, role, gender, phone_number) VALUES (5, 'user5@example.com', 'adamjohnson', 'pnzp8X4p*4', 'admin', 'male', '001-212-546-8500x0332');
INSERT INTO "user" (id, email, username, password, role, gender, phone_number) VALUES (6, 'user6@example.com', 'rholt', '%5EXDBlEf_', 'admin', NULL, NULL);
INSERT INTO "user" (id, email, username, password, role, gender, phone_number) VALUES (7, 'user7@example.com', 'markcabrera', 'd$2Hrbq1ef', 'user', 'male', NULL);
INSERT INTO "user" (id, email, username, password, role, gender, phone_number) VALUES (8, 'user8@example.com', 'davidsimmons', '$HOcLN@gH9', 'admin', NULL, '942-860-9549');
INSERT INTO "user" (id, email, username, password, role, gender, phone_number) VALUES (9, 'user9@example.com', 'qevans', 'z!cNIvhE@9', 'user', 'female', '001-211-951-5437');
INSERT INTO "user" (id, email, username, password, role, gender, phone_number) VALUES (10, 'user10@example.com', 'lorianthony', 'E85NvIya@(', 'admin', NULL, '195-030-2609x7439');
INSERT INTO folder (id, name, ownerId, parentId) VALUES (1, 'Draw', 8, NULL);
INSERT INTO folder (id, name, ownerId, parentId) VALUES (2, 'Weight', 9, NULL);
INSERT INTO folder (id, name, ownerId, parentId) VALUES (3, 'Fish', 9, NULL);
INSERT INTO folder (id, name, ownerId, parentId) VALUES (4, 'Rule', 1, NULL);
INSERT INTO folder (id, name, ownerId, parentId) VALUES (5, 'Own', 6, 1);
INSERT INTO folder (id, name, ownerId, parentId) VALUES (6, 'Force', 3, 3);
INSERT INTO folder (id, name, ownerId, parentId) VALUES (7, 'Dog', 5, NULL);
INSERT INTO folder (id, name, ownerId, parentId) VALUES (8, 'Since', 8, 1);
INSERT INTO folder (id, name, ownerId, parentId) VALUES (9, 'Which', 8, NULL);
INSERT INTO folder (id, name, ownerId, parentId) VALUES (10, 'Against', 2, NULL);
INSERT INTO folder (id, name, ownerId, parentId) VALUES (11, 'Visit', 1, 1);
INSERT INTO folder (id, name, ownerId, parentId) VALUES (12, 'Admit', 6, 9);
INSERT INTO folder (id, name, ownerId, parentId) VALUES (13, 'There', 2, NULL);
INSERT INTO folder (id, name, ownerId, parentId) VALUES (14, 'Their', 6, 6);
INSERT INTO folder (id, name, ownerId, parentId) VALUES (15, 'Note', 5, NULL);
INSERT INTO file (id, name, path, externalPath, mimeType, size, ownerId, folderId) VALUES (1, 'especially.wav', '/server/files/especially.wav', '/files/download/1', 'text/plain', 938504, 3, 6);
INSERT INTO file (id, name, path, externalPath, mimeType, size, ownerId, folderId) VALUES (2, 'model.gif', '/server/files/model.gif', '/files/download/2', 'image/jpeg', 1419210, 8, 9);
INSERT INTO file (id, name, path, externalPath, mimeType, size, ownerId, folderId) VALUES (3, 'measure.mp3', '/server/files/measure.mp3', '/files/download/3', 'application/pdf', 651324, 6, 1);
INSERT INTO file (id, name, path, externalPath, mimeType, size, ownerId, folderId) VALUES (4, 'another.csv', '/server/files/another.csv', '/files/download/4', 'image/png', 1302557, 4, 13);
INSERT INTO file (id, name, path, externalPath, mimeType, size, ownerId, folderId) VALUES (5, 'away.numbers', '/server/files/away.numbers', '/files/download/5', 'image/jpeg', 4481757, 1, 7);
INSERT INTO file (id, name, path, externalPath, mimeType, size, ownerId, folderId) VALUES (6, 'join.wav', '/server/files/join.wav', '/files/download/6', 'video/mp4', 697074, 6, 6);
INSERT INTO file (id, name, path, externalPath, mimeType, size, ownerId, folderId) VALUES (7, 'democratic.avi', '/server/files/democratic.avi', '/files/download/7', 'image/png', 954002, 7, NULL);
INSERT INTO file (id, name, path, externalPath, mimeType, size, ownerId, folderId) VALUES (8, 'forget.flac', '/server/files/forget.flac', '/files/download/8', 'application/pdf', 355220, 4, 3);
INSERT INTO file (id, name, path, externalPath, mimeType, size, ownerId, folderId) VALUES (9, 'agree.jpg', '/server/files/agree.jpg', '/files/download/9', 'image/png', 2489900, 2, 7);
INSERT INTO file (id, name, path, externalPath, mimeType, size, ownerId, folderId) VALUES (10, 'feel.bmp', '/server/files/feel.bmp', '/files/download/10', 'text/plain', 3327531, 4, NULL);
INSERT INTO file (id, name, path, externalPath, mimeType, size, ownerId, folderId) VALUES (11, 'defense.txt', '/server/files/defense.txt', '/files/download/11', 'text/plain', 1875405, 3, 6);
INSERT INTO file (id, name, path, externalPath, mimeType, size, ownerId, folderId) VALUES (12, 'school.mp3', '/server/files/school.mp3', '/files/download/12', 'video/mp4', 3913646, 7, 11);
INSERT INTO file (id, name, path, externalPath, mimeType, size, ownerId, folderId) VALUES (13, 'institution.jpg', '/server/files/institution.jpg', '/files/download/13', 'text/plain', 2581374, 1, 13);
INSERT INTO file (id, name, path, externalPath, mimeType, size, ownerId, folderId) VALUES (14, 'about.csv', '/server/files/about.csv', '/files/download/14', 'text/plain', 3027417, 5, 14);
INSERT INTO file (id, name, path, externalPath, mimeType, size, ownerId, folderId) VALUES (15, 'top.wav', '/server/files/top.wav', '/files/download/15', 'text/plain', 707346, 10, NULL);
INSERT INTO file (id, name, path, externalPath, mimeType, size, ownerId, folderId) VALUES (16, 'fear.mp3', '/server/files/fear.mp3', '/files/download/16', 'image/jpeg', 210678, 8, 7);
INSERT INTO file (id, name, path, externalPath, mimeType, size, ownerId, folderId) VALUES (17, 'table.png', '/server/files/table.png', '/files/download/17', 'image/jpeg', 859883, 6, 5);
INSERT INTO file (id, name, path, externalPath, mimeType, size, ownerId, folderId) VALUES (18, 'answer.bmp', '/server/files/answer.bmp', '/files/download/18', 'image/png', 4769407, 7, NULL);
INSERT INTO file (id, name, path, externalPath, mimeType, size, ownerId, folderId) VALUES (19, 'compare.mp3', '/server/files/compare.mp3', '/files/download/19', 'video/mp4', 792331, 1, NULL);
INSERT INTO file (id, name, path, externalPath, mimeType, size, ownerId, folderId) VALUES (20, 'any.html', '/server/files/any.html', '/files/download/20', 'image/jpeg', 2388907, 5, 6);
INSERT INTO file (id, name, path, externalPath, mimeType, size, ownerId, folderId) VALUES (21, 'upon.wav', '/server/files/upon.wav', '/files/download/21', 'image/png', 4681718, 10, NULL);
INSERT INTO file (id, name, path, externalPath, mimeType, size, ownerId, folderId) VALUES (22, 'support.wav', '/server/files/support.wav', '/files/download/22', 'image/jpeg', 457188, 6, 7);
INSERT INTO file (id, name, path, externalPath, mimeType, size, ownerId, folderId) VALUES (23, 'prevent.mp4', '/server/files/prevent.mp4', '/files/download/23', 'image/jpeg', 4681427, 8, NULL);
INSERT INTO file (id, name, path, externalPath, mimeType, size, ownerId, folderId) VALUES (24, 'media.wav', '/server/files/media.wav', '/files/download/24', 'text/plain', 4836668, 6, 15);
INSERT INTO file (id, name, path, externalPath, mimeType, size, ownerId, folderId) VALUES (25, 'serious.webm', '/server/files/serious.webm', '/files/download/25', 'text/plain', 1179185, 8, NULL);
INSERT INTO file (id, name, path, externalPath, mimeType, size, ownerId, folderId) VALUES (26, 'present.doc', '/server/files/present.doc', '/files/download/26', 'video/mp4', 1079553, 5, 3);
INSERT INTO file (id, name, path, externalPath, mimeType, size, ownerId, folderId) VALUES (27, 'fine.css', '/server/files/fine.css', '/files/download/27', 'application/pdf', 746256, 5, NULL);
INSERT INTO file (id, name, path, externalPath, mimeType, size, ownerId, folderId) VALUES (28, 'likely.css', '/server/files/likely.css', '/files/download/28', 'application/pdf', 3595552, 2, 8);
INSERT INTO file (id, name, path, externalPath, mimeType, size, ownerId, folderId) VALUES (29, 'history.docx', '/server/files/history.docx', '/files/download/29', 'text/plain', 2993625, 10, 1);
INSERT INTO file (id, name, path, externalPath, mimeType, size, ownerId, folderId) VALUES (30, 'term.css', '/server/files/term.css', '/files/download/30', 'video/mp4', 2909840, 9, 8);
INSERT INTO file (id, name, path, externalPath, mimeType, size, ownerId, folderId) VALUES (31, 'life.mp3', '/server/files/life.mp3', '/files/download/31', 'image/jpeg', 4363895, 2, 14);
INSERT INTO file (id, name, path, externalPath, mimeType, size, ownerId, folderId) VALUES (32, 'vote.js', '/server/files/vote.js', '/files/download/32', 'video/mp4', 4744232, 7, 9);
INSERT INTO file (id, name, path, externalPath, mimeType, size, ownerId, folderId) VALUES (33, 'wide.wav', '/server/files/wide.wav', '/files/download/33', 'video/mp4', 1671157, 1, 11);
INSERT INTO file (id, name, path, externalPath, mimeType, size, ownerId, folderId) VALUES (34, 'order.js', '/server/files/order.js', '/files/download/34', 'application/pdf', 4923156, 6, 1);
INSERT INTO file (id, name, path, externalPath, mimeType, size, ownerId, folderId) VALUES (35, 'they.mp3', '/server/files/they.mp3', '/files/download/35', 'text/plain', 989059, 8, 5);
INSERT INTO file (id, name, path, externalPath, mimeType, size, ownerId, folderId) VALUES (36, 'interview.wav', '/server/files/interview.wav', '/files/download/36', 'text/plain', 2805412, 1, NULL);
INSERT INTO file (id, name, path, externalPath, mimeType, size, ownerId, folderId) VALUES (37, 'glass.flac', '/server/files/glass.flac', '/files/download/37', 'image/png', 1299302, 1, 8);
INSERT INTO file (id, name, path, externalPath, mimeType, size, ownerId, folderId) VALUES (38, 'particularly.webm', '/server/files/particularly.webm', '/files/download/38', 'application/pdf', 261192, 2, 12);
INSERT INTO file (id, name, path, externalPath, mimeType, size, ownerId, folderId) VALUES (39, 'yes.odp', '/server/files/yes.odp', '/files/download/39', 'image/jpeg', 3933399, 7, NULL);
INSERT INTO file (id, name, path, externalPath, mimeType, size, ownerId, folderId) VALUES (40, 'describe.js', '/server/files/describe.js', '/files/download/40', 'image/png', 4409436, 5, 4);